,precision,recall,f1-score,support
Entertainment,1.0,0.9473684210526315,0.972972972972973,57.0
Food & Drinks,0.9222222222222223,0.9688715953307393,0.9449715370018975,257.0
Fuel,1.0,1.0,1.0,48.0
Gifts,0.9803921568627451,0.9433962264150944,0.9615384615384616,53.0
Health,1.0,1.0,1.0,92.0
Other Expenses,0.9615384615384616,0.8620689655172413,0.9090909090909091,29.0
Other Income,0.9512195121951219,1.0,0.975,39.0
Rent,0.9583333333333334,1.0,0.9787234042553191,23.0
Salary,0.9642857142857143,0.9,0.9310344827586207,30.0
Shopping,0.9454545454545454,0.9369369369369369,0.9411764705882353,111.0
Sports,0.9090909090909091,0.9090909090909091,0.9090909090909091,22.0
Transport,0.96875,0.9393939393939394,0.9538461538461539,33.0
Vehicle,1.0,0.9428571428571428,0.9705882352941176,70.0
accuracy,0.9583333333333334,0.9583333333333334,0.9583333333333334,0.9583333333333334
macro avg,0.9662528349986963,0.9499987797380487,0.9575410412644305,864.0
weighted avg,0.9593038361409193,0.9583333333333334,0.958330647983285,864.0
